g,h,m,V,E_pot,E_kin,E_total
10.0,9.0,1.0,1.0,90.0,0.5,90.5
10.0,9.0,1.0,8.7,90.0,37.84499999999999,127.845
10.0,9.0,14.0,1.0,1260.0,7.0,1267.0
10.0,9.0,14.0,8.7,1260.0,529.8299999999999,1789.83
10.0,10.0,1.0,1.0,100.0,0.5,100.5
10.0,10.0,1.0,8.7,100.0,37.84499999999999,137.845
10.0,10.0,14.0,1.0,1400.0,7.0,1407.0
10.0,10.0,14.0,8.7,1400.0,529.8299999999999,1929.83
