A1,B1,SUM,DIFF,DIV
18.3,36.7,55.0,-18.400000000000002,0.4986376021798365
